code,codetype,descrip,ingredient
1551293,PR00,dulaglutide Injectable Product,dulaglutide
1551299,PR00,Trulicity Injectable Product,dulaglutide
2395776,PR00,dulaglutide 6 MG/ML,dulaglutide
2395778,PR00,dulaglutide 6 MG/ML [Trulicity],dulaglutide
2395780,PR00,dulaglutide 6 MG/ML Auto-Injector,dulaglutide
2395781,PR00,dulaglutide 6 MG/ML Auto-Injector [Trulicity],dulaglutide
2395782,PR00,dulaglutide 9 MG/ML,dulaglutide
2395784,PR00,dulaglutide 9 MG/ML [Trulicity],dulaglutide
2395786,PR00,dulaglutide 9 MG/ML Auto-Injector,dulaglutide
2395787,PR00,dulaglutide 9 MG/ML Auto-Injector [Trulicity],dulaglutide
2395777,PR00,0.5 ML dulaglutide 6 MG/ML Auto-Injector,dulaglutide
2395779,PR00,0.5 ML dulaglutide 6 MG/ML Auto-Injector [Trulicity],dulaglutide
2395783,PR00,0.5 ML dulaglutide 9 MG/ML Auto-Injector,dulaglutide
2395785,PR00,0.5 ML dulaglutide 9 MG/ML Auto-Injector [Trulicity],dulaglutide
1551291,PR00,dulaglutide,dulaglutide
1551292,PR00,dulaglutide 1.5 MG/ML,dulaglutide
1551295,PR00,0.5 ML dulaglutide 1.5 MG/ML Auto-Injector,dulaglutide
1551297,PR00,dulaglutide 1.5 MG/ML [Trulicity],dulaglutide
1551300,PR00,0.5 ML dulaglutide 1.5 MG/ML Auto-Injector [Trulicity],dulaglutide
1551301,PR00,dulaglutide 1.5 MG/ML Auto-Injector,dulaglutide
1551302,PR00,dulaglutide 1.5 MG/ML Auto-Injector [Trulicity],dulaglutide
1551303,PR00,dulaglutide 3 MG/ML,dulaglutide
1551304,PR00,0.5 ML dulaglutide 3 MG/ML Auto-Injector,dulaglutide
1551305,PR00,dulaglutide 3 MG/ML [Trulicity],dulaglutide
1551306,PR00,0.5 ML dulaglutide 3 MG/ML Auto-Injector [Trulicity],dulaglutide
1551307,PR00,dulaglutide 3 MG/ML Auto-Injector,dulaglutide
1551308,PR00,dulaglutide 3 MG/ML Auto-Injector [Trulicity],dulaglutide
1649584,PR00,dulaglutide Auto-Injector,dulaglutide
1649586,PR00,dulaglutide Auto-Injector [Trulicity],dulaglutide
1990864,PR00,exenatide 2.35 MG/ML,exenatide
1990865,PR00,exenatide Auto-Injector,exenatide
1990866,PR00,0.85 ML exenatide 2.35 MG/ML Auto-Injector,exenatide
1990867,PR00,exenatide 2.35 MG/ML [Bydureon],exenatide
1990868,PR00,exenatide Auto-Injector [Bydureon],exenatide
1990869,PR00,0.85 ML exenatide 2.35 MG/ML Auto-Injector [Bydureon],exenatide
1990870,PR00,exenatide 2.35 MG/ML Auto-Injector,exenatide
1990871,PR00,exenatide 2.35 MG/ML Auto-Injector [Bydureon],exenatide
60548,PR00,exenatide,exenatide
847913,PR00,60 ACTUAT exenatide 0.01 MG/ACTUAT Pen Injector [Byetta],exenatide
847914,PR00,exenatide 0.005 MG/ACTUAT,exenatide
847915,PR00,60 ACTUAT exenatide 0.005 MG/ACTUAT Pen Injector,exenatide
847917,PR00,60 ACTUAT exenatide 0.005 MG/ACTUAT Pen Injector [Byetta],exenatide
847911,PR00,exenatide 0.01 MG/ACTUAT [Byetta],exenatide
847916,PR00,exenatide 0.005 MG/ACTUAT [Byetta],exenatide
847908,PR00,exenatide 0.01 MG/ACTUAT,exenatide
847910,PR00,60 ACTUAT exenatide 0.01 MG/ACTUAT Pen Injector,exenatide
1163790,PR00,exenatide Injectable Product,exenatide
1169415,PR00,Byetta Injectable Product,exenatide
1242967,PR00,Bydureon Injectable Product,exenatide
1242961,PR00,exenatide 3.08 MG/ML,exenatide
1242965,PR00,exenatide 3.08 MG/ML [Bydureon],exenatide
1242963,PR00,exenatide 2 MG Injection,exenatide
1242968,PR00,exenatide 2 MG Injection [Bydureon],exenatide
1359640,PR00,exenatide 0.005 MG/ACTUAT Pen Injector,exenatide
1359802,PR00,exenatide 0.005 MG/ACTUAT Pen Injector [Byetta],exenatide
1359979,PR00,exenatide 0.01 MG/ACTUAT Pen Injector [Byetta],exenatide
1360454,PR00,exenatide 0.01 MG/ACTUAT Pen Injector,exenatide
1544916,PR00,0.65 ML exenatide 3.08 MG/ML Pen Injector,exenatide
1544918,PR00,0.65 ML exenatide 3.08 MG/ML Pen Injector [Bydureon],exenatide
1544919,PR00,exenatide 3.08 MG/ML Pen Injector,exenatide
1544920,PR00,exenatide 3.08 MG/ML Pen Injector [Bydureon],exenatide
1653610,PR00,exenatide 2 MG,exenatide
1653611,PR00,exenatide Injection,exenatide
1653613,PR00,exenatide 2 MG [Bydureon],exenatide
1653614,PR00,exenatide Injection [Bydureon],exenatide
1653616,PR00,exenatide Pen Injector,exenatide
1653619,PR00,exenatide Pen Injector [Bydureon],exenatide
1653625,PR00,exenatide Pen Injector [Byetta],exenatide
1994307,PR00,insulin degludec 70 UNT/ML,liraglutide/insulin degludec
1994308,PR00,"insulin aspart, human / insulin degludec Injectable Product",liraglutide/insulin degludec
1994309,PR00,"insulin aspart, human / insulin degludec Pen Injector",liraglutide/insulin degludec
1994311,PR00,"3 ML insulin aspart, human 30 UNT/ML / insulin degludec 70 UNT/ML Pen Injector",liraglutide/insulin degludec
1994313,PR00,"insulin aspart, human 30 UNT/ML / insulin degludec 70 UNT/ML [Ryzodeg]",liraglutide/insulin degludec
1994314,PR00,"insulin aspart, human / insulin degludec Pen Injector [Ryzodeg]",liraglutide/insulin degludec
1994315,PR00,Ryzodeg Injectable Product,liraglutide/insulin degludec
1994316,PR00,"3 ML insulin aspart, human 30 UNT/ML / insulin degludec 70 UNT/ML Pen Injector [Ryzodeg]",liraglutide/insulin degludec
1994317,PR00,"insulin aspart, human 30 UNT/ML / insulin degludec 70 UNT/ML Pen Injector",liraglutide/insulin degludec
1994318,PR00,"insulin aspart, human 30 UNT/ML / insulin degludec 70 UNT/ML Pen Injector [Ryzodeg]",liraglutide/insulin degludec
2107519,PR00,insulin degludec Injectable Solution,liraglutide/insulin degludec
2107520,PR00,insulin degludec 100 UNT/ML Injectable Solution,liraglutide/insulin degludec
2107521,PR00,insulin degludec Injectable Solution [Tresiba],liraglutide/insulin degludec
2107522,PR00,insulin degludec 100 UNT/ML Injectable Solution [Tresiba],liraglutide/insulin degludec
1860164,PR00,liraglutide 3.6 MG/ML,liraglutide/insulin degludec
1860165,PR00,insulin degludec / liraglutide Injectable Product,liraglutide/insulin degludec
1860165,PR00,insulin degludec / liraglutide Injectable Product,liraglutide/insulin degludec
1860166,PR00,insulin degludec / liraglutide Pen Injector,liraglutide/insulin degludec
1860166,PR00,insulin degludec / liraglutide Pen Injector,liraglutide/insulin degludec
1860167,PR00,3 ML insulin degludec 100 UNT/ML / liraglutide 3.6 MG/ML Pen Injector,liraglutide/insulin degludec
1860167,PR00,3 ML insulin degludec 100 UNT/ML / liraglutide 3.6 MG/ML Pen Injector,liraglutide/insulin degludec
1860169,PR00,insulin degludec 100 UNT/ML / liraglutide 3.6 MG/ML [Xultophy],liraglutide/insulin degludec
1860169,PR00,insulin degludec 100 UNT/ML / liraglutide 3.6 MG/ML [Xultophy],liraglutide/insulin degludec
1860170,PR00,insulin degludec / liraglutide Pen Injector [Xultophy],liraglutide/insulin degludec
1860170,PR00,insulin degludec / liraglutide Pen Injector [Xultophy],liraglutide/insulin degludec
1860171,PR00,Xultophy Injectable Product,liraglutide/insulin degludec
1860171,PR00,Xultophy Injectable Product,liraglutide/insulin degludec
1860172,PR00,3 ML insulin degludec 100 UNT/ML / liraglutide 3.6 MG/ML Pen Injector [Xultophy],liraglutide/insulin degludec
1860172,PR00,3 ML insulin degludec 100 UNT/ML / liraglutide 3.6 MG/ML Pen Injector [Xultophy],liraglutide/insulin degludec
1860173,PR00,insulin degludec 100 UNT/ML / liraglutide 3.6 MG/ML Pen Injector,liraglutide/insulin degludec
1860173,PR00,insulin degludec 100 UNT/ML / liraglutide 3.6 MG/ML Pen Injector,liraglutide/insulin degludec
1860174,PR00,insulin degludec 100 UNT/ML / liraglutide 3.6 MG/ML Pen Injector [Xultophy],liraglutide/insulin degludec
1860174,PR00,insulin degludec 100 UNT/ML / liraglutide 3.6 MG/ML Pen Injector [Xultophy],liraglutide/insulin degludec
1670007,PR00,insulin degludec,liraglutide/insulin degludec
1670008,PR00,insulin degludec 100 UNT/ML,liraglutide/insulin degludec
1670010,PR00,insulin degludec Pen Injector,liraglutide/insulin degludec
1670011,PR00,3 ML insulin degludec 100 UNT/ML Pen Injector,liraglutide/insulin degludec
1670013,PR00,insulin degludec 100 UNT/ML [Tresiba],liraglutide/insulin degludec
1670014,PR00,insulin degludec Pen Injector [Tresiba],liraglutide/insulin degludec
1670016,PR00,3 ML insulin degludec 100 UNT/ML Pen Injector [Tresiba],liraglutide/insulin degludec
1670017,PR00,insulin degludec 100 UNT/ML Pen Injector,liraglutide/insulin degludec
1670018,PR00,insulin degludec 100 UNT/ML Pen Injector [Tresiba],liraglutide/insulin degludec
1670020,PR00,insulin degludec 200 UNT/ML,liraglutide/insulin degludec
1670021,PR00,3 ML insulin degludec 200 UNT/ML Pen Injector,liraglutide/insulin degludec
1670022,PR00,insulin degludec 200 UNT/ML [Tresiba],liraglutide/insulin degludec
1670023,PR00,3 ML insulin degludec 200 UNT/ML Pen Injector [Tresiba],liraglutide/insulin degludec
1670024,PR00,insulin degludec 200 UNT/ML Pen Injector,liraglutide/insulin degludec
1670025,PR00,insulin degludec 200 UNT/ML Pen Injector [Tresiba],liraglutide/insulin degludec
1163230,PR00,liraglutide Injectable Product,liraglutide/insulin degludec
1186578,PR00,Victoza Injectable Product,liraglutide/insulin degludec
1670009,PR00,insulin degludec Injectable Product,liraglutide/insulin degludec
1670015,PR00,Tresiba Injectable Product,liraglutide/insulin degludec
1860164,PR00,liraglutide 3.6 MG/ML,liraglutide
1860171,PR00,Xultophy Injectable Product,liraglutide
1163230,PR00,liraglutide Injectable Product,liraglutide
1186578,PR00,Victoza Injectable Product,liraglutide
1598267,PR00,Saxenda Injectable Product,liraglutide
897122,PR00,3 ML liraglutide 6 MG/ML Pen Injector,liraglutide
897126,PR00,3 ML liraglutide 6 MG/ML Pen Injector [Victoza],liraglutide
475968,PR00,liraglutide,liraglutide
897120,PR00,liraglutide 6 MG/ML,liraglutide
897124,PR00,liraglutide 6 MG/ML [Victoza],liraglutide
1360105,PR00,liraglutide 6 MG/ML Pen Injector,liraglutide
1360495,PR00,liraglutide 6 MG/ML Pen Injector [Victoza],liraglutide
1598265,PR00,liraglutide 6 MG/ML [Saxenda],liraglutide
1598268,PR00,3 ML liraglutide 6 MG/ML Pen Injector [Saxenda],liraglutide
1598269,PR00,liraglutide 6 MG/ML Pen Injector [Saxenda],liraglutide
1653594,PR00,liraglutide Pen Injector,liraglutide
1653597,PR00,liraglutide Pen Injector [Victoza],liraglutide
1653600,PR00,liraglutide Pen Injector [Saxenda],liraglutide
2563970,PR00,insulin glargine-yfgn 100 UNT/ML,lixisenatide/insulin glargine
2563972,PR00,insulin glargine-yfgn 100 UNT/ML [Semglee],lixisenatide/insulin glargine
2563974,PR00,insulin glargine-yfgn 100 UNT/ML Pen Injector,lixisenatide/insulin glargine
2563975,PR00,insulin glargine-yfgn 100 UNT/ML Pen Injector [Semglee],lixisenatide/insulin glargine
2563976,PR00,insulin glargine-yfgn 100 UNT/ML Injectable Solution,lixisenatide/insulin glargine
2563977,PR00,insulin glargine-yfgn 100 UNT/ML Injectable Solution [Semglee],lixisenatide/insulin glargine
2563971,PR00,3 ML insulin glargine-yfgn 100 UNT/ML Pen Injector,lixisenatide/insulin glargine
2563973,PR00,3 ML insulin glargine-yfgn 100 UNT/ML Pen Injector [Semglee],lixisenatide/insulin glargine
2377131,PR00,insulin glargine 100 UNT/ML [Semglee],lixisenatide/insulin glargine
2377132,PR00,insulin glargine Injectable Solution [Semglee],lixisenatide/insulin glargine
2377133,PR00,Semglee Injectable Product,lixisenatide/insulin glargine
2377134,PR00,insulin glargine 100 UNT/ML Injectable Solution [Semglee],lixisenatide/insulin glargine
2377230,PR00,insulin glargine Pen Injector [Semglee],lixisenatide/insulin glargine
2377232,PR00,insulin glargine 100 UNT/ML Pen Injector [Semglee],lixisenatide/insulin glargine
2377231,PR00,3 ML insulin glargine 100 UNT/ML Pen Injector [Semglee],lixisenatide/insulin glargine
274783,PR00,insulin glargine,lixisenatide/insulin glargine
343226,PR00,insulin glargine 100 UNT/ML,lixisenatide/insulin glargine
847232,PR00,3 ML insulin glargine 100 UNT/ML Pen Injector [Lantus],lixisenatide/insulin glargine
1858991,PR00,lixisenatide 0.033 MG/ML,lixisenatide/insulin glargine
1858992,PR00,insulin glargine / lixisenatide Injectable Product,lixisenatide/insulin glargine
1858992,PR00,insulin glargine / lixisenatide Injectable Product,lixisenatide/insulin glargine
1858993,PR00,insulin glargine / lixisenatide Pen Injector,lixisenatide/insulin glargine
1858993,PR00,insulin glargine / lixisenatide Pen Injector,lixisenatide/insulin glargine
1858995,PR00,3 ML insulin glargine 100 UNT/ML / lixisenatide 0.033 MG/ML Pen Injector,lixisenatide/insulin glargine
1858995,PR00,3 ML insulin glargine 100 UNT/ML / lixisenatide 0.033 MG/ML Pen Injector,lixisenatide/insulin glargine
1858997,PR00,insulin glargine 100 UNT/ML / lixisenatide 0.033 MG/ML [Soliqua],lixisenatide/insulin glargine
1858997,PR00,insulin glargine 100 UNT/ML / lixisenatide 0.033 MG/ML [Soliqua],lixisenatide/insulin glargine
1858998,PR00,insulin glargine / lixisenatide Pen Injector [Soliqua],lixisenatide/insulin glargine
1858998,PR00,insulin glargine / lixisenatide Pen Injector [Soliqua],lixisenatide/insulin glargine
1858999,PR00,Soliqua Injectable Product,lixisenatide/insulin glargine
1858999,PR00,Soliqua Injectable Product,lixisenatide/insulin glargine
1859000,PR00,3 ML insulin glargine 100 UNT/ML / lixisenatide 0.033 MG/ML Pen Injector [Soliqua],lixisenatide/insulin glargine
1859000,PR00,3 ML insulin glargine 100 UNT/ML / lixisenatide 0.033 MG/ML Pen Injector [Soliqua],lixisenatide/insulin glargine
1859001,PR00,insulin glargine 100 UNT/ML / lixisenatide 0.033 MG/ML Pen Injector,lixisenatide/insulin glargine
1859001,PR00,insulin glargine 100 UNT/ML / lixisenatide 0.033 MG/ML Pen Injector,lixisenatide/insulin glargine
1859002,PR00,insulin glargine 100 UNT/ML / lixisenatide 0.033 MG/ML Pen Injector [Soliqua],lixisenatide/insulin glargine
1859002,PR00,insulin glargine 100 UNT/ML / lixisenatide 0.033 MG/ML Pen Injector [Soliqua],lixisenatide/insulin glargine
2589007,PR00,insulin glargine-aglr 100 UNT/ML,lixisenatide/insulin glargine
2589009,PR00,insulin glargine-aglr 100 UNT/ML Pen Injector,lixisenatide/insulin glargine
2589011,PR00,insulin glargine-aglr 100 UNT/ML [Rezvoglar],lixisenatide/insulin glargine
2589012,PR00,Rezvoglar Injectable Product,lixisenatide/insulin glargine
2589013,PR00,insulin glargine Pen Injector [Rezvoglar],lixisenatide/insulin glargine
2589015,PR00,insulin glargine-aglr 100 UNT/ML Pen Injector [Rezvoglar],lixisenatide/insulin glargine
2589008,PR00,3 ML insulin glargine-aglr 100 UNT/ML Pen Injector,lixisenatide/insulin glargine
2589014,PR00,3 ML insulin glargine-aglr 100 UNT/ML Pen Injector [Rezvoglar],lixisenatide/insulin glargine
285018,PR00,insulin glargine 100 UNT/ML Injectable Solution [Lantus],lixisenatide/insulin glargine
311041,PR00,insulin glargine 100 UNT/ML Injectable Solution,lixisenatide/insulin glargine
575068,PR00,insulin glargine 100 UNT/ML [Lantus],lixisenatide/insulin glargine
847230,PR00,3 ML insulin glargine 100 UNT/ML Pen Injector,lixisenatide/insulin glargine
1736860,PR00,insulin glargine 100 UNT/ML [Basaglar],lixisenatide/insulin glargine
1736861,PR00,insulin glargine Pen Injector [Basaglar],lixisenatide/insulin glargine
1736863,PR00,3 ML insulin glargine 100 UNT/ML Pen Injector [Basaglar],lixisenatide/insulin glargine
1736864,PR00,insulin glargine 100 UNT/ML Pen Injector [Basaglar],lixisenatide/insulin glargine
1157459,PR00,insulin glargine Injectable Product,lixisenatide/insulin glargine
1175624,PR00,Lantus Injectable Product,lixisenatide/insulin glargine
1440053,PR00,lixisenatide Injectable Product,lixisenatide/insulin glargine
1736862,PR00,Basaglar Injectable Product,lixisenatide/insulin glargine
1604543,PR00,Toujeo Injectable Product,lixisenatide/insulin glargine
2268064,PR00,Sensor 3 ML insulin glargine 100 UNT/ML Pen Injector,lixisenatide/insulin glargine
2268065,PR00,Sensor 3 ML insulin glargine 100 UNT/ML Pen Injector [Basaglar],lixisenatide/insulin glargine
378864,PR00,insulin glargine Injectable Solution,lixisenatide/insulin glargine
362585,PR00,insulin glargine Injectable Solution [Lantus],lixisenatide/insulin glargine
1803903,PR00,{1 (3 ML lixisenatide 0.05 MG/ML Pen Injector [Adlyxin]) / 1 (3 ML lixisenatide 0.1 MG/ML Pen Injector [Adlyxin]) } Pack [Adlyxin Starter Kit],lixisenatide/insulin glargine
1803885,PR00,lixisenatide Pen Injector,lixisenatide/insulin glargine
1803886,PR00,lixisenatide 0.05 MG/ML Pen Injector,lixisenatide/insulin glargine
1803888,PR00,lixisenatide 0.05 MG/ML [Adlyxin],lixisenatide/insulin glargine
1803889,PR00,lixisenatide Pen Injector [Adlyxin],lixisenatide/insulin glargine
1803890,PR00,Adlyxin Injectable Product,lixisenatide/insulin glargine
1803891,PR00,lixisenatide 0.05 MG/ML Pen Injector [Adlyxin],lixisenatide/insulin glargine
1803892,PR00,3 ML lixisenatide 0.05 MG/ML Pen Injector,lixisenatide/insulin glargine
1803893,PR00,3 ML lixisenatide 0.05 MG/ML Pen Injector [Adlyxin],lixisenatide/insulin glargine
1803894,PR00,3 ML lixisenatide 0.1 MG/ML Pen Injector,lixisenatide/insulin glargine
1803895,PR00,lixisenatide 0.1 MG/ML [Adlyxin],lixisenatide/insulin glargine
1803896,PR00,3 ML lixisenatide 0.1 MG/ML Pen Injector [Adlyxin],lixisenatide/insulin glargine
1803897,PR00,lixisenatide 0.1 MG/ML Pen Injector,lixisenatide/insulin glargine
1803898,PR00,lixisenatide 0.1 MG/ML Pen Injector [Adlyxin],lixisenatide/insulin glargine
1803902,PR00,{1 (3 ML lixisenatide 0.05 MG/ML Pen Injector) / 1 (3 ML lixisenatide 0.1 MG/ML Pen Injector) } Pack,lixisenatide/insulin glargine
2002419,PR00,3 ML insulin glargine 300 UNT/ML Pen Injector,lixisenatide/insulin glargine
2002420,PR00,3 ML insulin glargine 300 UNT/ML Pen Injector [Toujeo],lixisenatide/insulin glargine
1359855,PR00,insulin glargine 100 UNT/ML Pen Injector,lixisenatide/insulin glargine
1359856,PR00,insulin glargine 100 UNT/ML Pen Injector [Lantus],lixisenatide/insulin glargine
1440052,PR00,lixisenatide 0.1 MG/ML,lixisenatide/insulin glargine
1440056,PR00,lixisenatide 0.05 MG/ML,lixisenatide/insulin glargine
1440051,PR00,lixisenatide,lixisenatide/insulin glargine
1604538,PR00,insulin glargine 300 UNT/ML,lixisenatide/insulin glargine
1604539,PR00,1.5 ML insulin glargine 300 UNT/ML Pen Injector,lixisenatide/insulin glargine
1604541,PR00,insulin glargine 300 UNT/ML [Toujeo],lixisenatide/insulin glargine
1604544,PR00,1.5 ML insulin glargine 300 UNT/ML Pen Injector [Toujeo],lixisenatide/insulin glargine
1604545,PR00,insulin glargine 300 UNT/ML Pen Injector,lixisenatide/insulin glargine
1604546,PR00,insulin glargine 300 UNT/ML Pen Injector [Toujeo],lixisenatide/insulin glargine
1653497,PR00,insulin glargine Pen Injector,lixisenatide/insulin glargine
1653499,PR00,insulin glargine Pen Injector [Lantus],lixisenatide/insulin glargine
1653506,PR00,insulin glargine Pen Injector [Toujeo],lixisenatide/insulin glargine
2619151,PR00,semaglutide 0.68 MG/ML,semaglutide
2619152,PR00,"0.25 MG, 0.5 MG Dose 3 ML semaglutide 0.68 MG/ML Pen Injector",semaglutide
2619153,PR00,semaglutide 0.68 MG/ML [Ozempic],semaglutide
2619154,PR00,"0.25 MG, 0.5 MG Dose 3 ML semaglutide 0.68 MG/ML Pen Injector [Ozempic]",semaglutide
2599361,PR00,semaglutide 2.68 MG/ML,semaglutide
2599363,PR00,semaglutide 2.68 MG/ML Pen Injector,semaglutide
2599364,PR00,semaglutide 2.68 MG/ML [Ozempic],semaglutide
2599366,PR00,semaglutide 2.68 MG/ML Pen Injector [Ozempic],semaglutide
2599362,PR00,3 ML semaglutide 2.68 MG/ML Pen Injector,semaglutide
2599365,PR00,3 ML semaglutide 2.68 MG/ML Pen Injector [Ozempic],semaglutide
1991302,PR00,semaglutide,semaglutide
1991303,PR00,semaglutide 1.34 MG/ML,semaglutide
1991304,PR00,semaglutide Injectable Product,semaglutide
1991305,PR00,semaglutide Pen Injector,semaglutide
1991306,PR00,"0.25 MG, 0.5 MG Dose 1.5 ML semaglutide 1.34 MG/ML Pen Injector",semaglutide
1991308,PR00,semaglutide 1.34 MG/ML [Ozempic],semaglutide
1991309,PR00,semaglutide Pen Injector [Ozempic],semaglutide
1991310,PR00,Ozempic Injectable Product,semaglutide
1991311,PR00,"0.25 MG, 0.5 MG Dose 1.5 ML semaglutide 1.34 MG/ML Pen Injector [Ozempic]",semaglutide
1991316,PR00,1 MG Dose 1.5 ML semaglutide 1.34 MG/ML Pen Injector,semaglutide
1991317,PR00,1 MG Dose 1.5 ML semaglutide 1.34 MG/ML Pen Injector [Ozempic],semaglutide
2553400,PR00,semaglutide 0.5 MG/ML,semaglutide
2553500,PR00,semaglutide Auto-Injector,semaglutide
2553503,PR00,semaglutide 0.5 MG/ML [Wegovy],semaglutide
2553504,PR00,semaglutide Auto-Injector [Wegovy],semaglutide
2553505,PR00,Wegovy Injectable Product,semaglutide
2553507,PR00,semaglutide 0.5 MG/ML Auto-Injector,semaglutide
2553508,PR00,semaglutide 0.5 MG/ML Auto-Injector [Wegovy],semaglutide
2553600,PR00,semaglutide 1 MG/ML,semaglutide
2553602,PR00,semaglutide 1 MG/ML [Wegovy],semaglutide
2553604,PR00,semaglutide 1 MG/ML Auto-Injector,semaglutide
2553605,PR00,semaglutide 1 MG/ML Auto-Injector [Wegovy],semaglutide
2553606,PR00,semaglutide 2 MG/ML,semaglutide
2553607,PR00,semaglutide 2 MG/ML Auto-Injector,semaglutide
2553608,PR00,semaglutide 2 MG/ML [Wegovy],semaglutide
2553700,PR00,semaglutide 2 MG/ML Auto-Injector [Wegovy],semaglutide
2553900,PR00,semaglutide 2.27 MG/ML,semaglutide
2553902,PR00,semaglutide 2.27 MG/ML [Wegovy],semaglutide
2553904,PR00,semaglutide 2.27 MG/ML Auto-Injector,semaglutide
2553905,PR00,semaglutide 2.27 MG/ML Auto-Injector [Wegovy],semaglutide
2554101,PR00,semaglutide 3.2 MG/ML,semaglutide
2554103,PR00,semaglutide 3.2 MG/ML [Wegovy],semaglutide
2554105,PR00,semaglutide 3.2 MG/ML Auto-Injector,semaglutide
2554106,PR00,semaglutide 3.2 MG/ML Auto-Injector [Wegovy],semaglutide
2553501,PR00,0.5 ML semaglutide 0.5 MG/ML Auto-Injector,semaglutide
2553506,PR00,0.5 ML semaglutide 0.5 MG/ML Auto-Injector [Wegovy],semaglutide
2553601,PR00,0.5 ML semaglutide 1 MG/ML Auto-Injector,semaglutide
2553603,PR00,0.5 ML semaglutide 1 MG/ML Auto-Injector [Wegovy],semaglutide
2553802,PR00,0.5 ML semaglutide 2 MG/ML Auto-Injector,semaglutide
2553803,PR00,0.5 ML semaglutide 2 MG/ML Auto-Injector [Wegovy],semaglutide
2553901,PR00,0.75 ML semaglutide 2.27 MG/ML Auto-Injector,semaglutide
2553903,PR00,0.75 ML semaglutide 2.27 MG/ML Auto-Injector [Wegovy],semaglutide
2554102,PR00,0.75 ML semaglutide 3.2 MG/ML Auto-Injector,semaglutide
2554104,PR00,0.75 ML semaglutide 3.2 MG/ML Auto-Injector [Wegovy],semaglutide
2398843,PR00,semaglutide 1.34 MG/ML Pen Injector,semaglutide
2398844,PR00,semaglutide 1.34 MG/ML Pen Injector [Ozempic],semaglutide
2398841,PR00,3 ML semaglutide 1.34 MG/ML Pen Injector,semaglutide
2398842,PR00,3 ML semaglutide 1.34 MG/ML Pen Injector [Ozempic],semaglutide
2200658,PR00,semaglutide 7 MG Oral Tablet [Rybelsus],semaglutide
2200640,PR00,semaglutide 14 MG,semaglutide
2200641,PR00,semaglutide Oral Product,semaglutide
2200642,PR00,semaglutide Pill,semaglutide
2200643,PR00,semaglutide Oral Tablet,semaglutide
2200644,PR00,semaglutide 14 MG Oral Tablet,semaglutide
2200646,PR00,semaglutide 14 MG [Rybelsus],semaglutide
2200647,PR00,semaglutide Oral Tablet [Rybelsus],semaglutide
2200648,PR00,Rybelsus Oral Product,semaglutide
2200649,PR00,Rybelsus Pill,semaglutide
2200650,PR00,semaglutide 14 MG Oral Tablet [Rybelsus],semaglutide
2200651,PR00,semaglutide 3 MG,semaglutide
2200652,PR00,semaglutide 3 MG Oral Tablet,semaglutide
2200653,PR00,semaglutide 3 MG [Rybelsus],semaglutide
2200654,PR00,semaglutide 3 MG Oral Tablet [Rybelsus],semaglutide
2200655,PR00,semaglutide 7 MG,semaglutide
2200656,PR00,semaglutide 7 MG Oral Tablet,semaglutide
2200657,PR00,semaglutide 7 MG [Rybelsus],semaglutide
2644395,PR00,tirzepatide Injection,tirzepatide
2644397,PR00,tirzepatide 15 MG/ML Injection,tirzepatide
2644398,PR00,tirzepatide Injection [Mounjaro],tirzepatide
2644400,PR00,tirzepatide 15 MG/ML Injection [Mounjaro],tirzepatide
2644402,PR00,tirzepatide 10 MG/ML Injection,tirzepatide
2644404,PR00,tirzepatide 10 MG/ML Injection [Mounjaro],tirzepatide
2644406,PR00,tirzepatide 5 MG/ML Injection,tirzepatide
2644408,PR00,tirzepatide 5 MG/ML Injection [Mounjaro],tirzepatide
2644410,PR00,tirzepatide 30 MG/ML Injection,tirzepatide
2644412,PR00,tirzepatide 30 MG/ML Injection [Mounjaro],tirzepatide
2644414,PR00,tirzepatide 25 MG/ML Injection,tirzepatide
2644416,PR00,tirzepatide 25 MG/ML Injection [Mounjaro],tirzepatide
2644418,PR00,tirzepatide 20 MG/ML Injection,tirzepatide
2644420,PR00,tirzepatide 20 MG/ML Injection [Mounjaro],tirzepatide
2669703,PR00,tirzepatide 5 MG/ML [Zepbound],tirzepatide
2669704,PR00,Zepbound Injectable Product,tirzepatide
2669705,PR00,tirzepatide Auto-Injector [Zepbound],tirzepatide
2669707,PR00,tirzepatide 5 MG/ML Auto-Injector [Zepbound],tirzepatide
2669708,PR00,tirzepatide 10 MG/ML [Zepbound],tirzepatide
2669710,PR00,tirzepatide 10 MG/ML Auto-Injector [Zepbound],tirzepatide
2669711,PR00,tirzepatide 15 MG/ML [Zepbound],tirzepatide
2669713,PR00,tirzepatide 15 MG/ML Auto-Injector [Zepbound],tirzepatide
2669714,PR00,tirzepatide 20 MG/ML [Zepbound],tirzepatide
2669716,PR00,tirzepatide 20 MG/ML Auto-Injector [Zepbound],tirzepatide
2669717,PR00,tirzepatide 25 MG/ML [Zepbound],tirzepatide
2669719,PR00,tirzepatide 25 MG/ML Auto-Injector [Zepbound],tirzepatide
2669720,PR00,tirzepatide 30 MG/ML [Zepbound],tirzepatide
2669722,PR00,tirzepatide 30 MG/ML Auto-Injector [Zepbound],tirzepatide
2644396,PR00,0.5 ML tirzepatide 15 MG/ML Injection,tirzepatide
2644399,PR00,0.5 ML tirzepatide 15 MG/ML Injection [Mounjaro],tirzepatide
2644401,PR00,0.5 ML tirzepatide 10 MG/ML Injection,tirzepatide
2644403,PR00,0.5 ML tirzepatide 10 MG/ML Injection [Mounjaro],tirzepatide
2644405,PR00,0.5 ML tirzepatide 5 MG/ML Injection,tirzepatide
2644407,PR00,0.5 ML tirzepatide 5 MG/ML Injection [Mounjaro],tirzepatide
2644409,PR00,0.5 ML tirzepatide 30 MG/ML Injection,tirzepatide
2644411,PR00,0.5 ML tirzepatide 30 MG/ML Injection [Mounjaro],tirzepatide
2644413,PR00,0.5 ML tirzepatide 25 MG/ML Injection,tirzepatide
2644415,PR00,0.5 ML tirzepatide 25 MG/ML Injection [Mounjaro],tirzepatide
2644417,PR00,0.5 ML tirzepatide 20 MG/ML Injection,tirzepatide
2644419,PR00,0.5 ML tirzepatide 20 MG/ML Injection [Mounjaro],tirzepatide
2669706,PR00,0.5 ML tirzepatide 5 MG/ML Auto-Injector [Zepbound],tirzepatide
2669709,PR00,0.5 ML tirzepatide 10 MG/ML Auto-Injector [Zepbound],tirzepatide
2669712,PR00,0.5 ML tirzepatide 15 MG/ML Auto-Injector [Zepbound],tirzepatide
2669715,PR00,0.5 ML tirzepatide 20 MG/ML Auto-Injector [Zepbound],tirzepatide
2669718,PR00,0.5 ML tirzepatide 25 MG/ML Auto-Injector [Zepbound],tirzepatide
2669721,PR00,0.5 ML tirzepatide 30 MG/ML Auto-Injector [Zepbound],tirzepatide
2601723,PR00,tirzepatide,tirzepatide
2601730,PR00,tirzepatide Injectable Product,tirzepatide
2601731,PR00,tirzepatide Auto-Injector,tirzepatide
2601736,PR00,Mounjaro Injectable Product,tirzepatide
2601737,PR00,tirzepatide Auto-Injector [Mounjaro],tirzepatide
2601742,PR00,tirzepatide 10 MG/ML,tirzepatide
2601744,PR00,tirzepatide 10 MG/ML Auto-Injector,tirzepatide
2601745,PR00,tirzepatide 10 MG/ML [Mounjaro],tirzepatide
2601747,PR00,tirzepatide 10 MG/ML Auto-Injector [Mounjaro],tirzepatide
2601754,PR00,tirzepatide 30 MG/ML,tirzepatide
2601756,PR00,tirzepatide 30 MG/ML Auto-Injector,tirzepatide
2601757,PR00,tirzepatide 30 MG/ML [Mounjaro],tirzepatide
2601759,PR00,tirzepatide 30 MG/ML Auto-Injector [Mounjaro],tirzepatide
2601760,PR00,tirzepatide 5 MG/ML,tirzepatide
2601762,PR00,tirzepatide 5 MG/ML Auto-Injector,tirzepatide
2601763,PR00,tirzepatide 5 MG/ML [Mounjaro],tirzepatide
2601765,PR00,tirzepatide 5 MG/ML Auto-Injector [Mounjaro],tirzepatide
2601766,PR00,tirzepatide 20 MG/ML,tirzepatide
2601768,PR00,tirzepatide 20 MG/ML Auto-Injector,tirzepatide
2601769,PR00,tirzepatide 20 MG/ML [Mounjaro],tirzepatide
2601771,PR00,tirzepatide 20 MG/ML Auto-Injector [Mounjaro],tirzepatide
2601772,PR00,tirzepatide 25 MG/ML,tirzepatide
2601774,PR00,tirzepatide 25 MG/ML Auto-Injector,tirzepatide
2601775,PR00,tirzepatide 25 MG/ML [Mounjaro],tirzepatide
2601777,PR00,tirzepatide 25 MG/ML Auto-Injector [Mounjaro],tirzepatide
2601778,PR00,tirzepatide 15 MG/ML,tirzepatide
2601780,PR00,tirzepatide 15 MG/ML Auto-Injector,tirzepatide
2601781,PR00,tirzepatide 15 MG/ML [Mounjaro],tirzepatide
2601783,PR00,tirzepatide 15 MG/ML Auto-Injector [Mounjaro],tirzepatide
2601743,PR00,0.5 ML tirzepatide 10 MG/ML Auto-Injector,tirzepatide
2601746,PR00,0.5 ML tirzepatide 10 MG/ML Auto-Injector [Mounjaro],tirzepatide
2601755,PR00,0.5 ML tirzepatide 30 MG/ML Auto-Injector,tirzepatide
2601758,PR00,0.5 ML tirzepatide 30 MG/ML Auto-Injector [Mounjaro],tirzepatide
2601761,PR00,0.5 ML tirzepatide 5 MG/ML Auto-Injector,tirzepatide
2601764,PR00,0.5 ML tirzepatide 5 MG/ML Auto-Injector [Mounjaro],tirzepatide
2601767,PR00,0.5 ML tirzepatide 20 MG/ML Auto-Injector,tirzepatide
2601770,PR00,0.5 ML tirzepatide 20 MG/ML Auto-Injector [Mounjaro],tirzepatide
2601773,PR00,0.5 ML tirzepatide 25 MG/ML Auto-Injector,tirzepatide
2601776,PR00,0.5 ML tirzepatide 25 MG/ML Auto-Injector [Mounjaro],tirzepatide
2601784,PR00,0.5 ML tirzepatide 15 MG/ML Auto-Injector,tirzepatide
2601785,PR00,0.5 ML tirzepatide 15 MG/ML Auto-Injector [Mounjaro],tirzepatide
2679316,PR00,tirzepatide Injection [Zepbound],tirzepatide
2679318,PR00,tirzepatide 20 MG/ML Injection [Zepbound],tirzepatide
2679320,PR00,tirzepatide 25 MG/ML Injection [Zepbound],tirzepatide
2679322,PR00,tirzepatide 30 MG/ML Injection [Zepbound],tirzepatide
2679324,PR00,tirzepatide 5 MG/ML Injection [Zepbound],tirzepatide
2679326,PR00,tirzepatide 10 MG/ML Injection [Zepbound],tirzepatide
2679328,PR00,tirzepatide 15 MG/ML Injection [Zepbound],tirzepatide
2679317,PR00,0.5 ML tirzepatide 20 MG/ML Injection [Zepbound],tirzepatide
2679319,PR00,0.5 ML tirzepatide 25 MG/ML Injection [Zepbound],tirzepatide
2679321,PR00,0.5 ML tirzepatide 30 MG/ML Injection [Zepbound],tirzepatide
2679323,PR00,0.5 ML tirzepatide 5 MG/ML Injection [Zepbound],tirzepatide
2679325,PR00,0.5 ML tirzepatide 10 MG/ML Injection [Zepbound],tirzepatide
2679327,PR00,0.5 ML tirzepatide 15 MG/ML Injection [Zepbound],tirzepatide